DATE,HOUR.MST,CLOUDCOVER
4/30/2017,1,-1
4/30/2017,2,-1
4/30/2017,3,-1
4/30/2017,4,-1
4/30/2017,5,-1
4/30/2017,6,11.1333
4/30/2017,7,67.1833
4/30/2017,8,52.5667
4/30/2017,9,18.2833
4/30/2017,10,11.0667
4/30/2017,11,8.3
4/30/2017,12,7.1667
4/30/2017,13,7.9667
4/30/2017,14,10.4167
4/30/2017,15,10.3
4/30/2017,16,27.9667
4/30/2017,17,12.9833
4/30/2017,18,44
4/30/2017,19,16.7833
4/30/2017,20,-1
4/30/2017,21,-1
4/30/2017,22,-1
4/30/2017,23,-1
5/1/2017,0,-1
5/1/2017,1,-1
5/1/2017,2,-1
5/1/2017,3,-1
5/1/2017,4,-1
5/1/2017,5,-1
5/1/2017,6,35.0667
5/1/2017,7,41.8333
5/1/2017,8,41.4667
5/1/2017,9,38.75
5/1/2017,10,38.8
5/1/2017,11,26.15
5/1/2017,12,13.75
5/1/2017,13,16.05
5/1/2017,14,28.9833
5/1/2017,15,48.75
5/1/2017,16,46.4167
5/1/2017,17,35.1667
5/1/2017,18,18.9167
5/1/2017,19,11.9833
5/1/2017,20,-1
5/1/2017,21,-1
5/1/2017,22,-1
5/1/2017,23,-1
5/2/2017,0,-1
5/2/2017,1,-1
5/2/2017,2,-1
5/2/2017,3,-1
5/2/2017,4,-1
5/2/2017,5,-1
5/2/2017,6,17.35
5/2/2017,7,51.55
5/2/2017,8,19.7833
5/2/2017,9,22.5167
5/2/2017,10,77.9333
5/2/2017,11,97.9167
5/2/2017,12,80.8
5/2/2017,13,82.55
5/2/2017,14,92.9
5/2/2017,15,98.7
5/2/2017,16,97.6333
5/2/2017,17,95.8833
5/2/2017,18,94.0167
5/2/2017,19,45.7167
5/2/2017,20,-1
5/2/2017,21,-1
5/2/2017,22,-1
5/2/2017,23,-1
5/3/2017,0,-1
5/3/2017,1,-1
5/3/2017,2,-1
5/3/2017,3,-1
5/3/2017,4,-1
5/3/2017,5,-1
5/3/2017,6,36.0167
5/3/2017,7,85.1833
5/3/2017,8,94.5167
5/3/2017,9,96.5167
5/3/2017,10,98.0333
5/3/2017,11,95.7167
5/3/2017,12,93.9833
5/3/2017,13,50.5333
5/3/2017,14,30.8667
5/3/2017,15,39.0333
5/3/2017,16,21.6667
5/3/2017,17,16.3667
5/3/2017,18,10.15
5/3/2017,19,5.75
5/3/2017,20,-1
5/3/2017,21,-1
5/3/2017,22,-1
5/3/2017,23,-1
5/4/2017,0,-1
5/4/2017,1,-1
5/4/2017,2,-1
5/4/2017,3,-1
5/4/2017,4,-1
5/4/2017,5,-1
5/4/2017,6,4.85
5/4/2017,7,9.1667
5/4/2017,8,11.5833
5/4/2017,9,14.1333
5/4/2017,10,12.95
5/4/2017,11,14.5167
5/4/2017,12,12.8167
5/4/2017,13,13.0667
5/4/2017,14,14.5333
5/4/2017,15,14.8833
5/4/2017,16,13.7667
5/4/2017,17,12.7167
5/4/2017,18,10.0333
5/4/2017,19,4.3667
5/4/2017,20,-1
5/4/2017,21,-1
5/4/2017,22,-1
5/4/2017,23,-1
5/5/2017,0,-1
5/5/2017,1,-1
5/5/2017,2,-1
5/5/2017,3,-1
5/5/2017,4,-1
5/5/2017,5,-1
5/5/2017,6,5.5333
5/5/2017,7,10
5/5/2017,8,11.9167
5/5/2017,9,16.95
5/5/2017,10,17.8833
5/5/2017,11,13.5667
5/5/2017,12,15.05
5/5/2017,13,15.1167
5/5/2017,14,15.6
5/5/2017,15,14.6
5/5/2017,16,15.6833
5/5/2017,17,12.3833
5/5/2017,18,10.7167
5/5/2017,19,5.1333
5/5/2017,20,-1
5/5/2017,21,-1
5/5/2017,22,-1
5/5/2017,23,-1
5/6/2017,0,-1
5/6/2017,1,-1
5/6/2017,2,-1
5/6/2017,3,-1
5/6/2017,4,-1
5/6/2017,5,-1
5/6/2017,6,5.4333
5/6/2017,7,9.7167
5/6/2017,8,12.0333
5/6/2017,9,15.15
5/6/2017,10,18.35
5/6/2017,11,17.3167
5/6/2017,12,43.3333
5/6/2017,13,75.0667
5/6/2017,14,91.1
5/6/2017,15,97.9333
5/6/2017,16,74.7333
5/6/2017,17,41
5/6/2017,18,50.0167
5/6/2017,19,39.05
5/6/2017,20,-1
5/6/2017,21,-1
5/6/2017,22,-1
5/6/2017,23,-1
5/7/2017,0,-1
5/7/2017,1,-1
5/7/2017,2,-1
5/7/2017,3,-1
5/7/2017,4,-1
5/7/2017,5,-1
5/7/2017,6,61.6167
5/7/2017,7,97.7167
5/7/2017,8,98.0167
5/7/2017,9,98.3167
5/7/2017,10,99.8
5/7/2017,11,99.5
5/7/2017,12,99.1167
5/7/2017,13,91.2
5/7/2017,14,67.8667
5/7/2017,15,96.7667
5/7/2017,16,97.9167
5/7/2017,17,97.6167
5/7/2017,18,97.1833
5/7/2017,19,36
5/7/2017,20,-1
5/7/2017,21,-1
5/7/2017,22,-1
5/7/2017,23,-1
5/8/2017,0,-1
5/8/2017,1,-1
5/8/2017,2,-1
5/8/2017,3,-1
5/8/2017,4,-1
5/8/2017,5,-1
5/8/2017,6,15.05
5/8/2017,7,71.5333
5/8/2017,8,86.5667
5/8/2017,9,75.9
5/8/2017,10,96.2167
5/8/2017,11,90.25
5/8/2017,12,91.8667
5/8/2017,13,96.0833
5/8/2017,14,92.05
5/8/2017,15,97.25
5/8/2017,16,97.6167
5/8/2017,17,95.5667
5/8/2017,18,92.15
5/8/2017,19,45.5167
5/8/2017,20,-1
5/8/2017,21,-1
5/8/2017,22,-1
5/8/2017,23,-1
5/9/2017,0,-1
5/9/2017,1,-1
5/9/2017,2,-1
5/9/2017,3,-1
5/9/2017,4,-1
5/9/2017,5,-1
5/9/2017,6,51.0167
5/9/2017,7,95.4333
5/9/2017,8,75.5667
5/9/2017,9,66.4833
5/9/2017,10,71.4667
5/9/2017,11,92.95
5/9/2017,12,94.4167
5/9/2017,13,98.5333
5/9/2017,14,98.4667
5/9/2017,15,98.6
5/9/2017,16,98.7667
5/9/2017,17,97.4
5/9/2017,18,95.8
5/9/2017,19,35.6167
5/9/2017,20,-1
5/9/2017,21,-1
5/9/2017,22,-1
5/9/2017,23,-1
5/10/2017,0,-1
5/10/2017,1,-1
5/10/2017,2,-1
5/10/2017,3,-1
5/10/2017,4,-1
5/10/2017,5,-1
5/10/2017,6,59.6333
5/10/2017,7,92.3333
5/10/2017,8,95.1667
5/10/2017,9,97.1
5/10/2017,10,96.55
5/10/2017,11,91.5833
5/10/2017,12,91.6167
5/10/2017,13,93.05
5/10/2017,14,94.5833
5/10/2017,15,97.6833
5/10/2017,16,97.3833
5/10/2017,17,96.3833
5/10/2017,18,83.8833
5/10/2017,19,29.8167
5/10/2017,20,-1
5/10/2017,21,-1
5/10/2017,22,-1
5/10/2017,23,-1
5/11/2017,0,-1
5/11/2017,1,-1
5/11/2017,2,-1
5/11/2017,3,-1
5/11/2017,4,-1
5/11/2017,5,-1
5/11/2017,6,51.0333
5/11/2017,7,91.8
5/11/2017,8,96.1333
5/11/2017,9,98.4167
5/11/2017,10,80.0167
5/11/2017,11,66.3833
5/11/2017,12,46.6333
5/11/2017,13,33.2
5/11/2017,14,20.65
5/11/2017,15,10.7167
5/11/2017,16,11.5333
5/11/2017,17,11.6833
5/11/2017,18,11.4333
5/11/2017,19,6.6167
5/11/2017,20,-1
5/11/2017,21,-1
5/11/2017,22,-1
5/11/2017,23,-1
5/12/2017,0,-1
5/12/2017,1,-1
5/12/2017,2,-1
5/12/2017,3,-1
5/12/2017,4,-1
5/12/2017,5,-1
5/12/2017,6,6.8667
5/12/2017,7,9.8667
5/12/2017,8,11.3833
5/12/2017,9,11.95
5/12/2017,10,10.45
5/12/2017,11,7.2167
5/12/2017,12,6.9
5/12/2017,13,7.1667
5/12/2017,14,8.0833
5/12/2017,15,8.7667
5/12/2017,16,12.5
5/12/2017,17,10.7
5/12/2017,18,10.3167
5/12/2017,19,10.8333
5/12/2017,20,-1
5/12/2017,21,-1
5/12/2017,22,-1
5/12/2017,23,-1
5/13/2017,0,-1
5/13/2017,1,-1
5/13/2017,2,-1
5/13/2017,3,-1
5/13/2017,4,-1
5/13/2017,5,-1
5/13/2017,6,14.6
5/13/2017,7,16.9167
5/13/2017,8,10.5333
5/13/2017,9,11.4333
5/13/2017,10,9.35
5/13/2017,11,8.35
5/13/2017,12,36.1667
5/13/2017,13,57.4667
5/13/2017,14,55.75
5/13/2017,15,44.8833
5/13/2017,16,28.4
5/13/2017,17,54.5
5/13/2017,18,21.6833
5/13/2017,19,10.9833
5/13/2017,20,-1
5/13/2017,21,-1
5/13/2017,22,-1
5/13/2017,23,-1
5/14/2017,0,-1
5/14/2017,1,-1
5/14/2017,2,-1
5/14/2017,3,-1
5/14/2017,4,-1
5/14/2017,5,-1
5/14/2017,6,6.5167
5/14/2017,7,9.75
5/14/2017,8,11.3667
5/14/2017,9,13.7833
5/14/2017,10,10.3
5/14/2017,11,8.7833
5/14/2017,12,9.05
5/14/2017,13,9.2
5/14/2017,14,12.7
5/14/2017,15,73.6833
5/14/2017,16,98.1333
5/14/2017,17,96.9667
5/14/2017,18,94.5667
5/14/2017,19,63.0667
5/14/2017,20,-1
5/14/2017,21,-1
5/14/2017,22,-1
5/14/2017,23,-1
5/15/2017,0,-1
5/15/2017,1,-1
5/15/2017,2,-1
5/15/2017,3,-1
5/15/2017,4,-1
5/15/2017,5,-1
5/15/2017,6,30.55
5/15/2017,7,84.2
5/15/2017,8,93.4833
5/15/2017,9,92.1333
5/15/2017,10,44.95
5/15/2017,11,9.7167
5/15/2017,12,10.5667
5/15/2017,13,19.0833
5/15/2017,14,64.8167
5/15/2017,15,89.8167
5/15/2017,16,98.6333
5/15/2017,17,93.3667
5/15/2017,18,77.2
5/15/2017,19,43.5667
5/15/2017,20,-1
5/15/2017,21,-1
5/15/2017,22,-1
5/15/2017,23,-1
5/16/2017,0,-1
5/16/2017,1,-1
5/16/2017,2,-1
5/16/2017,3,-1
5/16/2017,4,-1
5/16/2017,5,-1
5/16/2017,6,6.3167
5/16/2017,7,9.3
5/16/2017,8,11.3
5/16/2017,9,12.8333
5/16/2017,10,12.1167
5/16/2017,11,12.9
5/16/2017,12,79.4
5/16/2017,13,87.1167
5/16/2017,14,96.0667
5/16/2017,15,98.1167
5/16/2017,16,97.3167
5/16/2017,17,96.4
5/16/2017,18,96.45
5/16/2017,19,71.8833
5/16/2017,20,-1
5/16/2017,21,-1
5/16/2017,22,-1
5/16/2017,23,-1
5/17/2017,0,-1
5/17/2017,1,-1
5/17/2017,2,-1
5/17/2017,3,-1
5/17/2017,4,-1
5/17/2017,5,-1
5/17/2017,6,42
5/17/2017,7,96.2667
5/17/2017,8,97.0333
5/17/2017,9,90.7833
5/17/2017,10,76.8667
5/17/2017,11,46.9333
5/17/2017,12,38.4667
5/17/2017,13,78.7333
5/17/2017,14,92.7333
5/17/2017,15,99.1833
5/17/2017,16,91.45
5/17/2017,17,97.3333
5/17/2017,18,93.2167
5/17/2017,19,50.9
5/17/2017,20,-1
5/17/2017,21,-1
5/17/2017,22,-1
5/17/2017,23,-1
5/18/2017,0,-1
5/18/2017,1,-1
5/18/2017,2,-1
5/18/2017,3,-1
5/18/2017,4,-1
5/18/2017,5,-1
5/18/2017,6,57.5167
5/18/2017,7,91.3667
5/18/2017,8,95.6167
5/18/2017,9,97.15
5/18/2017,10,92.9
5/18/2017,11,89.3333
5/18/2017,12,94.6167
5/18/2017,13,90.5333
5/18/2017,14,91.4333
5/18/2017,15,97.9333
5/18/2017,16,96.55
5/18/2017,17,94.4667
5/18/2017,18,86.9667
5/18/2017,19,33.8833
5/18/2017,20,-1
5/18/2017,21,-1
5/18/2017,22,-1
5/18/2017,23,-1
5/19/2017,0,-1
5/19/2017,1,-1
5/19/2017,2,-1
5/19/2017,3,-1
5/19/2017,4,-1
5/19/2017,5,-1
5/19/2017,6,44.9167
5/19/2017,7,62.4833
5/19/2017,8,95.5833
5/19/2017,9,97.2
5/19/2017,10,97.7333
5/19/2017,11,93.9167
5/19/2017,12,95.8
5/19/2017,13,96.2
5/19/2017,14,94.2
5/19/2017,15,97.5667
5/19/2017,16,97.3833
5/19/2017,17,96.4667
5/19/2017,18,94.45
5/19/2017,19,56.95
5/19/2017,20,-1
5/19/2017,21,-1
5/19/2017,22,-1
5/19/2017,23,-1
5/20/2017,0,-1
5/20/2017,1,-1
5/20/2017,2,-1
5/20/2017,3,-1
5/20/2017,4,-1
5/20/2017,5,-1
5/20/2017,6,6
5/20/2017,7,6.3167
5/20/2017,8,6.8667
5/20/2017,9,7.3833
5/20/2017,10,7.3833
5/20/2017,11,5.9
5/20/2017,12,6.4333
5/20/2017,13,8.7167
5/20/2017,14,7.4
5/20/2017,15,7.75
5/20/2017,16,10.5
5/20/2017,17,8.8
5/20/2017,18,8.9
5/20/2017,19,23.35
5/20/2017,20,-1
5/20/2017,21,-1
5/20/2017,22,-1
5/20/2017,23,-1
5/21/2017,0,-1
5/21/2017,1,-1
5/21/2017,2,-1
5/21/2017,3,-1
5/21/2017,4,-1
5/21/2017,5,-1
5/21/2017,6,6.1333
5/21/2017,7,7.3
5/21/2017,8,8.3833
5/21/2017,9,9.1333
5/21/2017,10,38.85
5/21/2017,11,39.0333
5/21/2017,12,38.2333
5/21/2017,13,38.3
5/21/2017,14,47.3167
5/21/2017,15,82.4667
5/21/2017,16,68.8
5/21/2017,17,65.5167
5/21/2017,18,54.3
5/21/2017,19,45.9833
5/21/2017,20,-1
5/21/2017,21,-1
5/21/2017,22,-1
5/21/2017,23,-1
5/22/2017,0,-1
5/22/2017,1,-1
5/22/2017,2,-1
5/22/2017,3,-1
5/22/2017,4,-1
5/22/2017,5,-1
5/22/2017,6,9.8
5/22/2017,7,6.9333
5/22/2017,8,8.2833
5/22/2017,9,9.85
5/22/2017,10,9.0167
5/22/2017,11,14.25
5/22/2017,12,76.5833
5/22/2017,13,72.6
5/22/2017,14,76.3667
5/22/2017,15,96.4667
5/22/2017,16,97.9167
5/22/2017,17,96.65
5/22/2017,18,92.9167
5/22/2017,19,58.2833
5/22/2017,20,-1
5/22/2017,21,-1
5/22/2017,22,-1
5/22/2017,23,-1
5/23/2017,0,-1
5/23/2017,1,-1
5/23/2017,2,-1
5/23/2017,3,-1
5/23/2017,4,-1
5/23/2017,5,-1
5/23/2017,6,7.3
5/23/2017,7,7.5
5/23/2017,8,9.7667
5/23/2017,9,53.15
5/23/2017,10,94.1333
5/23/2017,11,77.8667
5/23/2017,12,87.0333
5/23/2017,13,85.75
5/23/2017,14,73.6333
5/23/2017,15,44.15
5/23/2017,16,68.4333
5/23/2017,17,49.15
5/23/2017,18,33.5333
5/23/2017,19,20
5/23/2017,20,-1
5/23/2017,21,-1
5/23/2017,22,-1
5/23/2017,23,-1
5/24/2017,0,-1
5/24/2017,1,-1
5/24/2017,2,-1
5/24/2017,3,-1
5/24/2017,4,-1
5/24/2017,5,-1
5/24/2017,6,6.75
5/24/2017,7,8.2
5/24/2017,8,9.95
5/24/2017,9,12.5333
5/24/2017,10,10.6833
5/24/2017,11,7.5333
5/24/2017,12,8.45
5/24/2017,13,9.2333
5/24/2017,14,7.95
5/24/2017,15,9.9
5/24/2017,16,11.6333
5/24/2017,17,11.4
5/24/2017,18,10.6167
5/24/2017,19,7.4667
5/24/2017,20,-1
5/24/2017,21,-1
5/24/2017,22,-1
5/24/2017,23,-1
5/25/2017,0,-1
5/25/2017,1,-1
5/25/2017,2,-1
5/25/2017,3,-1
5/25/2017,4,-1
5/25/2017,5,-1
5/25/2017,6,8.15
5/25/2017,7,10.5833
5/25/2017,8,14.45
5/25/2017,9,15.85
5/25/2017,10,31.25
5/25/2017,11,39.5667
5/25/2017,12,86.8
5/25/2017,13,96.1167
5/25/2017,14,94.3333
5/25/2017,15,97.65
5/25/2017,16,98
5/25/2017,17,93.25
5/25/2017,18,90.6
5/25/2017,19,82.4667
5/25/2017,20,-1
5/25/2017,21,-1
5/25/2017,22,-1
5/25/2017,23,-1
5/26/2017,0,-1
5/26/2017,1,-1
5/26/2017,2,-1
5/26/2017,3,-1
5/26/2017,4,-1
5/26/2017,5,-1
5/26/2017,6,65.9
5/26/2017,7,74.1
5/26/2017,8,69.5
5/26/2017,9,62.9333
5/26/2017,10,50.5
5/26/2017,11,36.9167
5/26/2017,12,67.6167
5/26/2017,13,56.4
5/26/2017,14,41.3333
5/26/2017,15,30.4333
5/26/2017,16,21.2167
5/26/2017,17,35.0167
5/26/2017,18,10.2333
5/26/2017,19,7.4833
5/26/2017,20,-1
5/26/2017,21,-1
5/26/2017,22,-1
5/26/2017,23,-1
5/27/2017,0,-1
5/27/2017,1,-1
5/27/2017,2,-1
5/27/2017,3,-1
5/27/2017,4,-1
5/27/2017,5,-1
5/27/2017,6,59.1667
5/27/2017,7,26.2
5/27/2017,8,65.3333
5/27/2017,9,92.7667
5/27/2017,10,78.5667
5/27/2017,11,91.2333
5/27/2017,12,94.55
5/27/2017,13,93.4
5/27/2017,14,58.9167
5/27/2017,15,86.55
5/27/2017,16,94.3333
5/27/2017,17,95.1833
5/27/2017,18,92.5167
5/27/2017,19,37.5
5/27/2017,20,-1
5/27/2017,21,-1
5/27/2017,22,-1
5/27/2017,23,-1
5/28/2017,0,-1
5/28/2017,1,-1
5/28/2017,2,-1
5/28/2017,3,-1
5/28/2017,4,-1
5/28/2017,5,-0.8667
5/28/2017,6,7.9833
5/28/2017,7,9.3833
5/28/2017,8,11.1667
5/28/2017,9,12.6333
5/28/2017,10,8.7
5/28/2017,11,6.4
5/28/2017,12,6.8833
5/28/2017,13,7.45
5/28/2017,14,13.2667
5/28/2017,15,13.4333
5/28/2017,16,17.7833
5/28/2017,17,21.3167
5/28/2017,18,11.7167
5/28/2017,19,8.3333
5/28/2017,20,-1
5/28/2017,21,-1
5/28/2017,22,-1
5/28/2017,23,-1
5/29/2017,0,-1
5/29/2017,1,-1
5/29/2017,2,-1
5/29/2017,3,-1
5/29/2017,4,-1
5/29/2017,5,-0.7833
5/29/2017,6,9.6167
5/29/2017,7,13.8833
5/29/2017,8,11.4167
5/29/2017,9,11.7
5/29/2017,10,10.2333
5/29/2017,11,45.85
5/29/2017,12,77.5167
5/29/2017,13,91.25
5/29/2017,14,69.9667
5/29/2017,15,69.25
5/29/2017,16,80.2667
5/29/2017,17,60.2833
5/29/2017,18,27.6833
5/29/2017,19,64.0667
5/29/2017,20,-1
5/29/2017,21,-1
5/29/2017,22,-1
5/29/2017,23,-1
5/30/2017,0,-1
5/30/2017,1,-1
5/30/2017,2,-1
5/30/2017,3,-1
5/30/2017,4,-1
5/30/2017,5,-0.8667
5/30/2017,6,8.4333
5/30/2017,7,10.25
5/30/2017,8,12.3833
5/30/2017,9,13.65
5/30/2017,10,10.0833
5/30/2017,11,6.95
5/30/2017,12,8.2667
5/30/2017,13,7.75
5/30/2017,14,8.35
5/30/2017,15,9.35
5/30/2017,16,20.6333
5/30/2017,17,49.1667
5/30/2017,18,20.2
5/30/2017,19,29.5333
5/30/2017,20,-1
5/30/2017,21,-1
5/30/2017,22,-1
5/30/2017,23,-1
5/31/2017,0,-1
5/31/2017,1,-1
5/31/2017,2,-1
5/31/2017,3,-1
5/31/2017,4,-1
5/31/2017,5,-0.7333
5/31/2017,6,7.6
5/31/2017,7,9.5667
5/31/2017,8,11.4167
5/31/2017,9,12.35
5/31/2017,10,60.6333
5/31/2017,11,64.8833
5/31/2017,12,72.4333
5/31/2017,13,64.7833
5/31/2017,14,48
5/31/2017,15,41.8833
5/31/2017,16,81.9333
5/31/2017,17,42.0833
5/31/2017,18,45.8
5/31/2017,19,14.45
5/31/2017,20,-0.8
5/31/2017,21,-1
5/31/2017,22,-1
5/31/2017,23,-1
6/1/2017,0,-1
6/1/2017,1,-1
6/1/2017,2,-1
6/1/2017,3,-1
6/1/2017,4,-1
6/1/2017,5,-0.7333
6/1/2017,6,8.0667
6/1/2017,7,11.2833
6/1/2017,8,19.7833
6/1/2017,9,22.9167
6/1/2017,10,35.4833
6/1/2017,11,44.2
6/1/2017,12,86.4667
6/1/2017,13,98.55
6/1/2017,14,93.6167
6/1/2017,15,95.8667
6/1/2017,16,95.85
6/1/2017,17,77.4
6/1/2017,18,41.9333
6/1/2017,19,61.8167
6/1/2017,20,-0.6333
6/1/2017,21,-1
6/1/2017,22,-1
6/1/2017,23,-1
6/2/2017,0,-1
6/2/2017,1,-1
6/2/2017,2,-1
6/2/2017,3,-1
6/2/2017,4,-1
6/2/2017,5,-0.65
6/2/2017,6,17.8833
6/2/2017,7,22.6
6/2/2017,8,36.3667
6/2/2017,9,31.3333
6/2/2017,10,57.2333
6/2/2017,11,51.2833
6/2/2017,12,93.2833
6/2/2017,13,87.7667
6/2/2017,14,47.4167
6/2/2017,15,83.15
6/2/2017,16,95.8167
6/2/2017,17,75.5667
6/2/2017,18,78.4667
6/2/2017,19,44.3
6/2/2017,20,-0.1
6/2/2017,21,-1
6/2/2017,22,-1
6/2/2017,23,-1
6/3/2017,0,-1
6/3/2017,1,-1
6/3/2017,2,-1
6/3/2017,3,-1
6/3/2017,4,-1
6/3/2017,5,-0.6
6/3/2017,6,8.0167
6/3/2017,7,10.5333
6/3/2017,8,13.3
6/3/2017,9,14.8833
6/3/2017,10,11.4
6/3/2017,11,25.4333
6/3/2017,12,52.5333
6/3/2017,13,43.8667
6/3/2017,14,70.9167
6/3/2017,15,32.0167
6/3/2017,16,49.2333
6/3/2017,17,48.7167
6/3/2017,18,65.3833
6/3/2017,19,56.45
6/3/2017,20,0.0167
6/3/2017,21,-1
6/3/2017,22,-1
6/3/2017,23,-1
6/4/2017,0,-1
6/4/2017,1,-1
6/4/2017,2,-1
6/4/2017,3,-1
6/4/2017,4,-1
6/4/2017,5,-0.6
6/4/2017,6,7.8167
6/4/2017,7,10.1833
6/4/2017,8,11.8333
6/4/2017,9,12.65
6/4/2017,10,9.25
6/4/2017,11,6.7833
6/4/2017,12,8.2167
6/4/2017,13,8.6
6/4/2017,14,9.3833
6/4/2017,15,10.7
6/4/2017,16,10.1667
6/4/2017,17,11.05
6/4/2017,18,10.0333
6/4/2017,19,8.4667
6/4/2017,20,-0.4833
6/4/2017,21,-1
6/4/2017,22,-1
6/4/2017,23,-1
6/5/2017,0,-1
6/5/2017,1,-1
6/5/2017,2,-1
6/5/2017,3,-1
6/5/2017,4,-1
6/5/2017,5,-0.65
6/5/2017,6,7.55
6/5/2017,7,9.85
6/5/2017,8,11.4833
6/5/2017,9,12.4
6/5/2017,10,34.1167
6/5/2017,11,86.9167
6/5/2017,12,96.9667
6/5/2017,13,92
6/5/2017,14,66.2833
6/5/2017,15,97.3167
6/5/2017,16,98.35
6/5/2017,17,97.1667
6/5/2017,18,94.2167
6/5/2017,19,28.35
6/5/2017,20,-0.1667
6/5/2017,21,-1
6/5/2017,22,-1
6/5/2017,23,-1
6/6/2017,0,-1
6/6/2017,1,-1
6/6/2017,2,-1
6/6/2017,3,-1
6/6/2017,4,-1
6/6/2017,5,-0.1833
6/6/2017,6,24.9167
6/6/2017,7,36.25
6/6/2017,8,16.2167
6/6/2017,9,38.3333
6/6/2017,10,37.0667
6/6/2017,11,16.9667
6/6/2017,12,84.6333
6/6/2017,13,97.4
6/6/2017,14,94.8
6/6/2017,15,97.5833
6/6/2017,16,98.75
6/6/2017,17,98.1833
6/6/2017,18,83.7667
6/6/2017,19,17.1667
6/6/2017,20,-0.2
6/6/2017,21,-1
6/6/2017,22,-1
6/6/2017,23,-1
6/7/2017,0,-1
6/7/2017,1,-1
6/7/2017,2,-1
6/7/2017,3,-1
6/7/2017,4,-1
6/7/2017,5,-0.2667
6/7/2017,6,11.4333
6/7/2017,7,12.9667
6/7/2017,8,14.5333
6/7/2017,9,14.4
6/7/2017,10,9.3833
6/7/2017,11,12.5833
6/7/2017,12,30.7
6/7/2017,13,37.4833
6/7/2017,14,78.1167
6/7/2017,15,94.3333
6/7/2017,16,76.8
6/7/2017,17,60.2
6/7/2017,18,12.9
6/7/2017,19,16.8667
6/7/2017,20,0.4
6/7/2017,21,-1
6/7/2017,22,-1
6/7/2017,23,-1
6/8/2017,0,-1
6/8/2017,1,-1
6/8/2017,2,-1
6/8/2017,3,-1
6/8/2017,4,-1
6/8/2017,5,-0.5333
6/8/2017,6,7.7833
6/8/2017,7,10.0167
6/8/2017,8,11.3333
6/8/2017,9,10.3833
6/8/2017,10,8.35
6/8/2017,11,7.7833
6/8/2017,12,9.2333
6/8/2017,13,13.0833
6/8/2017,14,40
6/8/2017,15,57.1833
6/8/2017,16,94.0667
6/8/2017,17,96.4
6/8/2017,18,96.05
6/8/2017,19,84.5333
6/8/2017,20,3
6/8/2017,21,-1
6/8/2017,22,-1
6/8/2017,23,-1
6/9/2017,0,-1
6/9/2017,1,-1
6/9/2017,2,-1
6/9/2017,3,-1
6/9/2017,4,-1
6/9/2017,5,-0.5333
6/9/2017,6,11.15
6/9/2017,7,13.9667
6/9/2017,8,23.0167
6/9/2017,9,55.0167
6/9/2017,10,42.9
6/9/2017,11,49.3167
6/9/2017,12,94.65
6/9/2017,13,88.95
6/9/2017,14,43.2
6/9/2017,15,15.4667
6/9/2017,16,10.6333
6/9/2017,17,11.5167
6/9/2017,18,10.4167
6/9/2017,19,8.7333
6/9/2017,20,-0.2
6/9/2017,21,-1
6/9/2017,22,-1
6/9/2017,23,-1
6/10/2017,0,-1
6/10/2017,1,-1
6/10/2017,2,-1
6/10/2017,3,-1
6/10/2017,4,-1
6/10/2017,5,0
6/10/2017,6,26.9833
6/10/2017,7,21.2833
6/10/2017,8,16.3833
6/10/2017,9,24.7
6/10/2017,10,14.4
6/10/2017,11,9.5667
6/10/2017,12,11.7
6/10/2017,13,33.7667
6/10/2017,14,32.5167
6/10/2017,15,21.9
6/10/2017,16,40.2833
6/10/2017,17,90.3667
6/10/2017,18,87.3333
6/10/2017,19,37.4667
6/10/2017,20,0.4833
6/10/2017,21,-1
6/10/2017,22,-1
6/10/2017,23,-1
6/11/2017,0,-1
6/11/2017,1,-1
6/11/2017,2,-1
6/11/2017,3,-1
6/11/2017,4,-1
6/11/2017,5,-0.0833
6/11/2017,6,48.95
6/11/2017,7,79.4
6/11/2017,8,65.8333
6/11/2017,9,26.9833
6/11/2017,10,69.1167
6/11/2017,11,78.45
6/11/2017,12,89.35
6/11/2017,13,84.6167
6/11/2017,14,81.1667
6/11/2017,15,47.05
6/11/2017,16,61.8833
6/11/2017,17,31.3
6/11/2017,18,86.0667
6/11/2017,19,69.3167
6/11/2017,20,0.5667
6/11/2017,21,-1
6/11/2017,22,-1
6/11/2017,23,-1
6/12/2017,0,-1
6/12/2017,1,-1
6/12/2017,2,-1
6/12/2017,3,-1
6/12/2017,4,-1
6/12/2017,5,-0.4667
6/12/2017,6,7.9
6/12/2017,7,10.35
6/12/2017,8,13.0667
6/12/2017,9,14.2333
6/12/2017,10,8.8833
6/12/2017,11,6.8667
6/12/2017,12,8.8833
6/12/2017,13,17.4737
6/12/2017,14,37.6833
6/12/2017,15,29.7333
6/12/2017,16,32.4667
6/12/2017,17,19.9667
6/12/2017,18,10.95
6/12/2017,19,8.1333
6/12/2017,20,-0.0167
6/12/2017,21,-1
6/12/2017,22,-1
6/12/2017,23,-1
6/13/2017,0,-1
6/13/2017,1,-1
6/13/2017,2,-1
6/13/2017,3,-1
6/13/2017,4,-1
6/13/2017,5,-0.4667
6/13/2017,6,8.05
6/13/2017,7,10.55
6/13/2017,8,12.6167
6/13/2017,9,12.2667
6/13/2017,10,9.55
6/13/2017,11,7.4
6/13/2017,12,14.5333
6/13/2017,13,21.7333
6/13/2017,14,34.4667
6/13/2017,15,11.5
6/13/2017,16,50.1
6/13/2017,17,91.15
6/13/2017,18,87.2833
6/13/2017,19,51.3
6/13/2017,20,4.5167
6/13/2017,21,-1
6/13/2017,22,-1
6/13/2017,23,-1
6/14/2017,0,-1
6/14/2017,1,-1
6/14/2017,2,-1
6/14/2017,3,-1
6/14/2017,4,-1
6/14/2017,5,-0.5
6/14/2017,6,7.2667
6/14/2017,7,9.2667
6/14/2017,8,11.3167
6/14/2017,9,12.2667
6/14/2017,10,11.8167
6/14/2017,11,8.15
6/14/2017,12,10.75
6/14/2017,13,13.8167
6/14/2017,14,25.45
6/14/2017,15,49.25
6/14/2017,16,72.4833
6/14/2017,17,75.95
6/14/2017,18,61.2667
6/14/2017,19,29.5
6/14/2017,20,1.85
6/14/2017,21,-1
6/14/2017,22,-1
6/14/2017,23,-1
6/15/2017,0,-1
6/15/2017,1,-1
6/15/2017,2,-1
6/15/2017,3,-1
6/15/2017,4,-1
6/15/2017,5,-0.5
6/15/2017,6,7.6667
6/15/2017,7,9.2333
6/15/2017,8,11.7667
6/15/2017,9,12.2833
6/15/2017,10,10.65
6/15/2017,11,7.2
6/15/2017,12,11.25
6/15/2017,13,13.25
6/15/2017,14,46.7333
6/15/2017,15,95.4667
6/15/2017,16,67.5167
6/15/2017,17,69.3833
6/15/2017,18,86.8167
6/15/2017,19,54.7167
6/15/2017,20,0.9333
6/15/2017,21,-1
6/15/2017,22,-1
6/15/2017,23,-1
6/16/2017,0,-1
6/16/2017,1,-1
6/16/2017,2,-1
6/16/2017,3,-1
6/16/2017,4,-1
6/16/2017,5,-0.5333
6/16/2017,6,9.5
6/16/2017,7,34
6/16/2017,8,79
6/16/2017,9,59.4667
6/16/2017,10,43.5167
6/16/2017,11,62.55
6/16/2017,12,96.2333
6/16/2017,13,88.4833
6/16/2017,14,77.3167
6/16/2017,15,84.3667
6/16/2017,16,82.3667
6/16/2017,17,86.9667
6/16/2017,18,64.7667
6/16/2017,19,52.1833
6/16/2017,20,2.3667
6/16/2017,21,-1
6/16/2017,22,-1
6/16/2017,23,-1
6/17/2017,0,-1
6/17/2017,1,-1
6/17/2017,2,-1
6/17/2017,3,-1
6/17/2017,4,-1
6/17/2017,5,-0.2333
6/17/2017,6,28.15
6/17/2017,7,72.9
6/17/2017,8,85.7333
6/17/2017,9,74.25
6/17/2017,10,66.9833
6/17/2017,11,84.3167
6/17/2017,12,94.9
6/17/2017,13,98.3158
6/17/2017,14,90.8833
6/17/2017,15,95.7667
6/17/2017,16,96.2667
6/17/2017,17,93.1333
6/17/2017,18,90.9
6/17/2017,19,68.0333
6/17/2017,20,1.2333
6/17/2017,21,-1
6/17/2017,22,-1
6/17/2017,23,-1
6/18/2017,0,-1
6/18/2017,1,-1
6/18/2017,2,-1
6/18/2017,3,-1
6/18/2017,4,-1
6/18/2017,5,0.65
6/18/2017,6,17.4833
6/18/2017,7,9.4167
6/18/2017,8,10.4333
6/18/2017,9,11.5
6/18/2017,10,8.7167
6/18/2017,11,6.6167
6/18/2017,12,8.9833
6/18/2017,13,9.4
6/18/2017,14,10.0667
6/18/2017,15,8.8167
6/18/2017,16,14.3167
6/18/2017,17,14
6/18/2017,18,9.9667
6/18/2017,19,7.4833
6/18/2017,20,0.2
6/18/2017,21,-1
6/18/2017,22,-1
6/18/2017,23,-1
6/19/2017,0,-1
6/19/2017,1,-1
6/19/2017,2,-1
6/19/2017,3,-1
6/19/2017,4,-1
6/19/2017,5,-0.5333
6/19/2017,6,6.6667
6/19/2017,7,8.2333
6/19/2017,8,9.8
6/19/2017,9,11.4167
6/19/2017,10,8.35
6/19/2017,11,6.8167
6/19/2017,12,13.5667
6/19/2017,13,57.9
6/19/2017,14,72.1833
6/19/2017,15,81.15
6/19/2017,16,76.1167
6/19/2017,17,62.6
6/19/2017,18,11.4333
6/19/2017,19,9.3667
6/19/2017,20,0.3167
6/19/2017,21,-1
6/19/2017,22,-1
6/19/2017,23,-1
6/20/2017,0,-1
6/20/2017,1,-1
6/20/2017,2,-1
6/20/2017,3,-1
6/20/2017,4,-1
6/20/2017,5,0.15
6/20/2017,6,52.0167
6/20/2017,7,24.3167
6/20/2017,8,12.85
6/20/2017,9,25.6333
6/20/2017,10,19.5333
6/20/2017,11,12.45
6/20/2017,12,70.9833
6/20/2017,13,66.3667
6/20/2017,14,58.45
6/20/2017,15,44.6667
6/20/2017,16,35.1833
6/20/2017,17,74.4833
6/20/2017,18,27.85
6/20/2017,19,14.45
6/20/2017,20,2.7
6/20/2017,21,-1
6/20/2017,22,-1
6/20/2017,23,-1
6/21/2017,0,-1
6/21/2017,1,-1
6/21/2017,2,-1
6/21/2017,3,-1
6/21/2017,4,-1
6/21/2017,5,-0.2167
6/21/2017,6,27.1833
6/21/2017,7,30.85
6/21/2017,8,10.9167
6/21/2017,9,12.8167
6/21/2017,10,10.95
6/21/2017,11,7.9833
6/21/2017,12,11.4333
6/21/2017,13,17.8667
6/21/2017,14,21.8833
6/21/2017,15,42.4333
6/21/2017,16,77.9667
6/21/2017,17,95.1167
6/21/2017,18,92.2
6/21/2017,19,80.0833
6/21/2017,20,9.8833
6/21/2017,21,-1
6/21/2017,22,-1
6/21/2017,23,-1
6/22/2017,0,-1
6/22/2017,1,-1
6/22/2017,2,-1
6/22/2017,3,-1
6/22/2017,4,-1
6/22/2017,5,1.1833
6/22/2017,6,81.9
6/22/2017,7,48.8
6/22/2017,8,34.0167
6/22/2017,9,17.25
6/22/2017,10,31.2167
6/22/2017,11,85.1833
6/22/2017,12,98.1833
6/22/2017,13,93.6167
6/22/2017,14,89.9833
6/22/2017,15,98.4667
6/22/2017,16,98.8
6/22/2017,17,97.9833
6/22/2017,18,96.2167
6/22/2017,19,85.4
6/22/2017,20,8.6333
6/22/2017,21,-1
6/22/2017,22,-1
6/22/2017,23,-1
6/23/2017,0,-1
6/23/2017,1,-1
6/23/2017,2,-1
6/23/2017,3,-1
6/23/2017,4,-1
6/23/2017,5,2.4167
6/23/2017,6,71.2833
6/23/2017,7,94.2667
6/23/2017,8,96.5833
6/23/2017,9,98.45
6/23/2017,10,98.6333
6/23/2017,11,96.25
6/23/2017,12,98.6667
6/23/2017,13,98.7
6/23/2017,14,97.1
6/23/2017,15,98.75
6/23/2017,16,98.9833
6/23/2017,17,98.1
6/23/2017,18,88.4
6/23/2017,19,27.6833
6/23/2017,20,0.7
6/23/2017,21,-1
6/23/2017,22,-1
6/23/2017,23,-1
6/24/2017,0,-1
6/24/2017,1,-1
6/24/2017,2,-1
6/24/2017,3,-1
6/24/2017,4,-1
6/24/2017,5,-0.6167
6/24/2017,6,11.05
6/24/2017,7,18.9667
6/24/2017,8,50.5167
6/24/2017,9,85.35
6/24/2017,10,85.0333
6/24/2017,11,90.7833
6/24/2017,12,83.5167
6/24/2017,13,91.386
6/24/2017,14,73.1333
6/24/2017,15,48.8
6/24/2017,16,44.4833
6/24/2017,17,49.95
6/24/2017,18,82.4
6/24/2017,19,76.3333
6/24/2017,20,6.6667
6/24/2017,21,-1
6/24/2017,22,-1
6/24/2017,23,-1
6/25/2017,0,-1
6/25/2017,1,-1
6/25/2017,2,-1
6/25/2017,3,-1
6/25/2017,4,-1
6/25/2017,5,-0.7333
6/25/2017,6,8.4833
6/25/2017,7,13.45
6/25/2017,8,31.8167
6/25/2017,9,79.15
6/25/2017,10,98.1833
6/25/2017,11,96.75
6/25/2017,12,99.0333
6/25/2017,13,97.1333
6/25/2017,14,77.25
6/25/2017,15,32.4667
6/25/2017,16,31.8167
6/25/2017,17,12.6833
6/25/2017,18,12.7
6/25/2017,19,39.1667
6/25/2017,20,8.9833
6/25/2017,21,-1
6/25/2017,22,-1
6/25/2017,23,-1
6/26/2017,0,-1
6/26/2017,1,-1
6/26/2017,2,-1
6/26/2017,3,-1
6/26/2017,4,-1
6/26/2017,5,-0.7667
6/26/2017,6,6.6667
6/26/2017,7,8
6/26/2017,8,9.2833
6/26/2017,9,10.7167
6/26/2017,10,7.9833
6/26/2017,11,6.5
6/26/2017,12,8.3167
6/26/2017,13,8.9
6/26/2017,14,9.0333
6/26/2017,15,8.05
6/26/2017,16,9.6167
6/26/2017,17,14.2167
6/26/2017,18,25.45
6/26/2017,19,18.8833
6/26/2017,20,1.5833
6/26/2017,21,-1
6/26/2017,22,-1
6/26/2017,23,-1
6/27/2017,0,-1
6/27/2017,1,-1
6/27/2017,2,-1
6/27/2017,3,-1
6/27/2017,4,-1
6/27/2017,5,-0.2
6/27/2017,6,43.4167
6/27/2017,7,22.9167
6/27/2017,8,16.7667
6/27/2017,9,38.8167
6/27/2017,10,37.7667
6/27/2017,11,53.4667
6/27/2017,12,80.2333
6/27/2017,13,83.3667
6/27/2017,14,72.9833
6/27/2017,15,57.6
6/27/2017,16,65.4833
6/27/2017,17,36.7667
6/27/2017,18,17.2333
6/27/2017,19,25.1667
6/27/2017,20,4.1167
6/27/2017,21,-1
6/27/2017,22,-1
6/27/2017,23,-1
6/28/2017,0,-1
6/28/2017,1,-1
6/28/2017,2,-1
6/28/2017,3,-1
6/28/2017,4,-1
6/28/2017,5,-0.5167
6/28/2017,6,47.15
6/28/2017,7,44.05
6/28/2017,8,73.4
6/28/2017,9,47.2632
6/28/2017,10,39.8
6/28/2017,11,52.2333
6/28/2017,12,93.6667
6/28/2017,13,85.9333
6/28/2017,14,68.0167
6/28/2017,15,96.4167
6/28/2017,16,76.3333
6/28/2017,17,81.8667
6/28/2017,18,78.6167
6/28/2017,19,66.7167
6/28/2017,20,7.6
6/28/2017,21,-1
6/28/2017,22,-1
6/28/2017,23,-1
6/29/2017,0,-1
6/29/2017,1,-1
6/29/2017,2,-1
6/29/2017,3,-1
6/29/2017,4,-1
6/29/2017,5,-0.8667
6/29/2017,6,7.4667
6/29/2017,7,9.4833
6/29/2017,8,11.7833
6/29/2017,9,12.4667
6/29/2017,10,9.4833
6/29/2017,11,19.1833
6/29/2017,12,57.3
6/29/2017,13,59.65
6/29/2017,14,71.6667
6/29/2017,15,78.5333
6/29/2017,16,83.05
6/29/2017,17,73.0333
6/29/2017,18,74.6
6/29/2017,19,71.2833
6/29/2017,20,2.4333
6/29/2017,21,-1
6/29/2017,22,-1
6/29/2017,23,-1
6/30/2017,0,-1
6/30/2017,1,-1
6/30/2017,2,-1
6/30/2017,3,-1
6/30/2017,4,-1
6/30/2017,5,-1
6/30/2017,6,35.9833
6/30/2017,7,89.3333
6/30/2017,8,96.2
6/30/2017,9,98.4833
6/30/2017,10,77.9
6/30/2017,11,89.2667
6/30/2017,12,96.1833
6/30/2017,13,87.9
6/30/2017,14,68.3
6/30/2017,15,31.15
6/30/2017,16,13.2
6/30/2017,17,14.8
6/30/2017,18,13.4667
6/30/2017,19,12.0667
6/30/2017,20,1.4
6/30/2017,21,-1
6/30/2017,22,-1
6/30/2017,23,-1
7/1/2017,0,-1
7/1/2017,1,-1
7/1/2017,2,-1
7/1/2017,3,-1
7/1/2017,4,-1
7/1/2017,5,-1
7/1/2017,6,10.2667
7/1/2017,7,12.9667
7/1/2017,8,13.9167
7/1/2017,9,16.4333
7/1/2017,10,12.3167
7/1/2017,11,8.55
7/1/2017,12,10.55
7/1/2017,13,10.5833
7/1/2017,14,9.75
7/1/2017,15,10.0667
7/1/2017,16,10.2
7/1/2017,17,11.9
7/1/2017,18,12.0667
7/1/2017,19,9.2667
7/1/2017,20,0.3333
7/1/2017,21,-1
7/1/2017,22,-1
7/1/2017,23,-1
7/2/2017,0,-1
7/2/2017,1,-1
7/2/2017,2,-1
7/2/2017,3,-1
7/2/2017,4,-1
7/2/2017,5,-1
7/2/2017,6,7.8333
7/2/2017,7,9.4
7/2/2017,8,11.7
7/2/2017,9,13.65
7/2/2017,10,13.55
7/2/2017,11,43.1
7/2/2017,12,95.85
7/2/2017,13,98.8833
7/2/2017,14,97.3333
7/2/2017,15,97.5333
7/2/2017,16,98.75
7/2/2017,17,98.8833
7/2/2017,18,99.3333
7/2/2017,19,85.25
7/2/2017,20,3
7/2/2017,21,-1
7/2/2017,22,-1
7/2/2017,23,-1
7/3/2017,0,-1
7/3/2017,1,-1
7/3/2017,2,-1
7/3/2017,3,-1
7/3/2017,4,-1
7/3/2017,5,-1
7/3/2017,6,15.6667
7/3/2017,7,43.5333
7/3/2017,8,39.2167
7/3/2017,9,56.95
7/3/2017,10,34.7167
7/3/2017,11,46.8667
7/3/2017,12,83.9
7/3/2017,13,67.45
7/3/2017,14,85.8333
7/3/2017,15,80.3167
7/3/2017,16,49.95
7/3/2017,17,66.75
7/3/2017,18,40.0333
7/3/2017,19,62.5
7/3/2017,20,2.95
7/3/2017,21,-1
7/3/2017,22,-1
7/3/2017,23,-1
7/4/2017,0,-1
7/4/2017,1,-1
7/4/2017,2,-1
7/4/2017,3,-1
7/4/2017,4,-1
7/4/2017,5,-1
7/4/2017,6,7.5
7/4/2017,7,10.1833
7/4/2017,8,11.3158
7/4/2017,9,14.0833
7/4/2017,10,15.85
7/4/2017,11,15.7667
7/4/2017,12,53.3833
7/4/2017,13,88.8333
7/4/2017,14,56.9833
7/4/2017,15,52.0167
7/4/2017,16,49.4667
7/4/2017,17,77.15
7/4/2017,18,95.3333
7/4/2017,19,48.4667
7/4/2017,20,0.8833
7/4/2017,21,-1
7/4/2017,22,-1
7/4/2017,23,-1
7/5/2017,0,-1
7/5/2017,1,-1
7/5/2017,2,-1
7/5/2017,3,-1
7/5/2017,4,-1
7/5/2017,5,-1
7/5/2017,6,6.9333
7/5/2017,7,8.9333
7/5/2017,8,10.6167
7/5/2017,9,11.2833
7/5/2017,10,9.1667
7/5/2017,11,6.6833
7/5/2017,12,8.9167
7/5/2017,13,11.5167
7/5/2017,14,39.1
7/5/2017,15,46.5667
7/5/2017,16,39.25
7/5/2017,17,17.3
7/5/2017,18,30.6
7/5/2017,19,30.0333
7/5/2017,20,1.4333
7/5/2017,21,-1
7/5/2017,22,-1
7/5/2017,23,-1
7/6/2017,0,-1
7/6/2017,1,-1
7/6/2017,2,-1
7/6/2017,3,-1
7/6/2017,4,-1
7/6/2017,5,-1
7/6/2017,6,9.4167
7/6/2017,7,19.8167
7/6/2017,8,16.2667
7/6/2017,9,13.95
7/6/2017,10,9.9833
7/6/2017,11,34.2333
7/6/2017,12,48.1833
7/6/2017,13,43.2167
7/6/2017,14,61.9
7/6/2017,15,97.3333
7/6/2017,16,98.7167
7/6/2017,17,88.6667
7/6/2017,18,63.8667
7/6/2017,19,39.5667
7/6/2017,20,4.3167
7/6/2017,21,-1
7/6/2017,22,-1
7/6/2017,23,-1
7/7/2017,0,-1
7/7/2017,1,-1
7/7/2017,2,-1
7/7/2017,3,-1
7/7/2017,4,-1
7/7/2017,5,-1
7/7/2017,6,25.35
7/7/2017,7,22.15
7/7/2017,8,19.1167
7/7/2017,9,15.5667
7/7/2017,10,11.2333
7/7/2017,11,38.2
7/7/2017,12,48.0833
7/7/2017,13,79.35
7/7/2017,14,90.1667
7/7/2017,15,96.6667
7/7/2017,16,98.3
7/7/2017,17,97.3
7/7/2017,18,92.5167
7/7/2017,19,49.3684
7/7/2017,20,4.2
7/7/2017,21,-1
7/7/2017,22,-1
7/7/2017,23,-1
7/8/2017,0,-1
7/8/2017,1,-1
7/8/2017,2,-1
7/8/2017,3,-1
7/8/2017,4,-1
7/8/2017,5,-1
7/8/2017,6,7.9123
7/8/2017,7,10.4833
7/8/2017,8,14.4833
7/8/2017,9,19.3167
7/8/2017,10,9.6333
7/8/2017,11,14.4333
7/8/2017,12,32.6667
7/8/2017,13,26.15
7/8/2017,14,54.7833
7/8/2017,15,96.7333
7/8/2017,16,98.5667
7/8/2017,17,93.7333
7/8/2017,18,28.4167
7/8/2017,19,11.0833
7/8/2017,20,0.3333
7/8/2017,21,-1
7/8/2017,22,-1
7/8/2017,23,-1
7/9/2017,0,-1
7/9/2017,1,-1
7/9/2017,2,-1
7/9/2017,3,-1
7/9/2017,4,-1
7/9/2017,5,-1
7/9/2017,6,6.3833
7/9/2017,7,8.6167
7/9/2017,8,10.3833
7/9/2017,9,11.9833
7/9/2017,10,8.3333
7/9/2017,11,6.5667
7/9/2017,12,7.15
7/9/2017,13,10.5
7/9/2017,14,37.5167
7/9/2017,15,83.4333
7/9/2017,16,94.1333
7/9/2017,17,98.0167
7/9/2017,18,87.3667
7/9/2017,19,46.15
7/9/2017,20,0.4667
7/9/2017,21,-1
7/9/2017,22,-1
7/9/2017,23,-1
7/10/2017,0,-1
7/10/2017,1,-1
7/10/2017,2,-1
7/10/2017,3,-1
7/10/2017,4,-1
7/10/2017,5,-1
7/10/2017,6,12.05
7/10/2017,7,11.7
7/10/2017,8,13.45
7/10/2017,9,13.0702
7/10/2017,10,8.7667
7/10/2017,11,24.7333
7/10/2017,12,88.7333
7/10/2017,13,97.1167
7/10/2017,14,94.4167
7/10/2017,15,97.75
7/10/2017,16,97.5333
7/10/2017,17,97.5667
7/10/2017,18,96.6833
7/10/2017,19,80.7833
7/10/2017,20,4.7333
7/10/2017,21,-1
7/10/2017,22,-1
7/10/2017,23,-1
7/11/2017,0,-1
7/11/2017,1,-1
7/11/2017,2,-1
7/11/2017,3,-1
7/11/2017,4,-1
7/11/2017,5,-1
7/11/2017,6,14.2833
7/11/2017,7,32.9833
7/11/2017,8,48.25
7/11/2017,9,34.8667
7/11/2017,10,21.3
7/11/2017,11,22.0667
7/11/2017,12,53.65
7/11/2017,13,84.2
7/11/2017,14,63.9333
7/11/2017,15,61.0667
7/11/2017,16,93.45
7/11/2017,17,97.6
7/11/2017,18,95.45
7/11/2017,19,88.9
7/11/2017,20,6.6167
7/11/2017,21,-1
7/11/2017,22,-1
7/11/2017,23,-1
7/12/2017,0,-1
7/12/2017,1,-1
7/12/2017,2,-1
7/12/2017,3,-1
7/12/2017,4,-1
7/12/2017,5,-1
7/12/2017,6,62.8833
7/12/2017,7,94.7333
7/12/2017,8,96.0833
7/12/2017,9,97.9
7/12/2017,10,97.9833
7/12/2017,11,95.3333
7/12/2017,12,97.0877
7/12/2017,13,97.5667
7/12/2017,14,95.8167
7/12/2017,15,98.75
7/12/2017,16,98.4167
7/12/2017,17,97.5667
7/12/2017,18,96.8667
7/12/2017,19,94.0167
7/12/2017,20,8.5833
7/12/2017,21,-1
7/12/2017,22,-1
7/12/2017,23,-1
7/13/2017,0,-1
7/13/2017,1,-1
7/13/2017,2,-1
7/13/2017,3,-1
7/13/2017,4,-1
7/13/2017,5,-1
7/13/2017,6,6.6
7/13/2017,7,9.4167
7/13/2017,8,18.0351
7/13/2017,9,24.4333
7/13/2017,10,9.2333
7/13/2017,11,6.6333
7/13/2017,12,8.0333
7/13/2017,13,35.5833
7/13/2017,14,21.0167
7/13/2017,15,63.75
7/13/2017,16,80.9667
7/13/2017,17,71.4333
7/13/2017,18,23.6667
7/13/2017,19,12.9667
7/13/2017,20,1.6833
7/13/2017,21,-1
7/13/2017,22,-1
7/13/2017,23,-1
7/14/2017,0,-1
7/14/2017,1,-1
7/14/2017,2,-1
7/14/2017,3,-1
7/14/2017,4,-1
7/14/2017,5,-1
7/14/2017,6,6.3
7/14/2017,7,11.8333
7/14/2017,8,11.35
7/14/2017,9,11.0333
7/14/2017,10,9.0833
7/14/2017,11,8.8
7/14/2017,12,11.386
7/14/2017,13,44.05
7/14/2017,14,88.0167
7/14/2017,15,91.25
7/14/2017,16,97.35
7/14/2017,17,97.3
7/14/2017,18,95.8833
7/14/2017,19,64.4333
7/14/2017,20,1.45
7/14/2017,21,-1
7/14/2017,22,-1
7/14/2017,23,-1
7/15/2017,0,-1
7/15/2017,1,-1
7/15/2017,2,-1
7/15/2017,3,-1
7/15/2017,4,-1
7/15/2017,5,-1
7/15/2017,6,69.9333
7/15/2017,7,92.9833
7/15/2017,8,79.15
7/15/2017,9,76.5833
7/15/2017,10,46.1167
7/15/2017,11,15.4386
7/15/2017,12,20.6667
7/15/2017,13,16.75
7/15/2017,14,54.3167
7/15/2017,15,94.1754
7/15/2017,16,92.6
7/15/2017,17,97.15
7/15/2017,18,86.6167
7/15/2017,19,18.0667
7/15/2017,20,0
7/15/2017,21,-1
7/15/2017,22,-1
7/15/2017,23,-1
7/16/2017,0,-1
7/16/2017,1,-1
7/16/2017,2,-1
7/16/2017,3,-1
7/16/2017,4,-1
7/16/2017,5,-1
7/16/2017,6,5.5667
7/16/2017,7,8.2833
7/16/2017,8,9.35
7/16/2017,9,10.6
7/16/2017,10,10.3167
7/16/2017,11,7.3667
7/16/2017,12,7.95
7/16/2017,13,8.0333
7/16/2017,14,7.5
7/16/2017,15,9.2167
7/16/2017,16,23.25
7/16/2017,17,59.0333
7/16/2017,18,80.5333
7/16/2017,19,70
7/16/2017,20,1.8833
7/16/2017,21,-1
7/16/2017,22,-1
7/16/2017,23,-1
7/17/2017,0,-1
7/17/2017,1,-1
7/17/2017,2,-1
7/17/2017,3,-1
7/17/2017,4,-1
7/17/2017,5,-1
7/17/2017,6,6.1
7/17/2017,7,8.9333
7/17/2017,8,10.6833
7/17/2017,9,10.95
7/17/2017,10,9.7
7/17/2017,11,7.5667
7/17/2017,12,15.65
7/17/2017,13,28.75
7/17/2017,14,51.25
7/17/2017,15,90.6167
7/17/2017,16,97.3667
7/17/2017,17,97.5333
7/17/2017,18,95.2167
7/17/2017,19,76.85
7/17/2017,20,4.2667
7/17/2017,21,-1
7/17/2017,22,-1
7/17/2017,23,-1
7/18/2017,0,-1
7/18/2017,1,-1
7/18/2017,2,-1
7/18/2017,3,-1
7/18/2017,4,-1
7/18/2017,5,-1
7/18/2017,6,15.9833
7/18/2017,7,12.15
7/18/2017,8,14.6333
7/18/2017,9,18.3333
7/18/2017,10,41.7667
7/18/2017,11,78.5667
7/18/2017,12,77.4833
7/18/2017,13,91.8833
7/18/2017,14,95.4833
7/18/2017,15,94.1
7/18/2017,16,59.7167
7/18/2017,17,47.95
7/18/2017,18,75.4333
7/18/2017,19,64.75
7/18/2017,20,2.1
7/18/2017,21,-1
7/18/2017,22,-1
7/18/2017,23,-1
7/19/2017,0,-1
7/19/2017,1,-1
7/19/2017,2,-1
7/19/2017,3,-1
7/19/2017,4,-1
7/19/2017,5,-1
7/19/2017,6,24.95
7/19/2017,7,24.5833
7/19/2017,8,39.85
7/19/2017,9,69.2833
7/19/2017,10,42.15
7/19/2017,11,12.1333
7/19/2017,12,9.1833
7/19/2017,13,28.75
7/19/2017,14,77.85
7/19/2017,15,95.4667
7/19/2017,16,98.8833
7/19/2017,17,97.8
7/19/2017,18,97.5333
7/19/2017,19,89.1
7/19/2017,20,2.2
7/19/2017,21,-1
7/19/2017,22,-1
7/19/2017,23,-1
7/20/2017,0,-1
7/20/2017,1,-1
7/20/2017,2,-1
7/20/2017,3,-1
7/20/2017,4,-1
7/20/2017,5,-1
7/20/2017,6,5.6667
7/20/2017,7,8.5833
7/20/2017,8,10.0667
7/20/2017,9,11.25
7/20/2017,10,10.85
7/20/2017,11,7.5667
7/20/2017,12,11.35
7/20/2017,13,44.4167
7/20/2017,14,87.2
7/20/2017,15,97.45
7/20/2017,16,97.7333
7/20/2017,17,96.6333
7/20/2017,18,93.85
7/20/2017,19,85.7
7/20/2017,20,1.05
7/20/2017,21,-1
7/20/2017,22,-1
7/20/2017,23,-1
7/21/2017,0,-1
7/21/2017,1,-1
7/21/2017,2,-1
7/21/2017,3,-1
7/21/2017,4,-1
7/21/2017,5,-1
7/21/2017,6,11.7167
7/21/2017,7,71.0333
7/21/2017,8,59.3167
7/21/2017,9,15.3833
7/21/2017,10,9.9333
7/21/2017,11,14.3158
7/21/2017,12,65.9167
7/21/2017,13,72.7
7/21/2017,14,81.7333
7/21/2017,15,97.4333
7/21/2017,16,97.1
7/21/2017,17,97.4
7/21/2017,18,96.6167
7/21/2017,19,80.2333
7/21/2017,20,-0.25
7/21/2017,21,-1
7/21/2017,22,-1
7/21/2017,23,-1
7/22/2017,0,-1
7/22/2017,1,-1
7/22/2017,2,-1
7/22/2017,3,-1
7/22/2017,4,-1
7/22/2017,5,-1
7/22/2017,6,54.5333
7/22/2017,7,83.0333
7/22/2017,8,79.8
7/22/2017,9,87.85
7/22/2017,10,84.7
7/22/2017,11,61.35
7/22/2017,12,34.95
7/22/2017,13,89.8333
7/22/2017,14,79.6333
7/22/2017,15,84.8167
7/22/2017,16,96.3
7/22/2017,17,50.9
7/22/2017,18,51.9167
7/22/2017,19,45.4333
7/22/2017,20,-1
7/22/2017,21,-1
7/22/2017,22,-1
7/22/2017,23,-1
7/23/2017,0,-1
7/23/2017,1,-1
7/23/2017,2,-1
7/23/2017,3,-1
7/23/2017,4,-1
7/23/2017,5,-1
7/23/2017,6,5.9833
7/23/2017,7,11.5789
7/23/2017,8,14.3167
7/23/2017,9,14.05
7/23/2017,10,10.7
7/23/2017,11,17.4667
7/23/2017,12,70.8833
7/23/2017,13,97.5833
7/23/2017,14,76.8333
7/23/2017,15,58.95
7/23/2017,16,48.05
7/23/2017,17,32.2833
7/23/2017,18,12.5167
7/23/2017,19,10.7833
7/23/2017,20,-0.8333
7/23/2017,21,-1
7/23/2017,22,-1
7/23/2017,23,-1
7/24/2017,0,-1
7/24/2017,1,-1
7/24/2017,2,-1
7/24/2017,3,-1
7/24/2017,4,-1
7/24/2017,5,-1
7/24/2017,6,5.8167
7/24/2017,7,10.2667
7/24/2017,8,12.4
7/24/2017,9,13.1667
7/24/2017,10,14.3333
7/24/2017,11,16.4333
7/24/2017,12,48.7167
7/24/2017,13,63.6667
7/24/2017,14,18.5088
7/24/2017,15,65.9
7/24/2017,16,88.5833
7/24/2017,17,77.2167
7/24/2017,18,70.9333
7/24/2017,19,52.0667
7/24/2017,20,-0.8167
7/24/2017,21,-1
7/24/2017,22,-1
7/24/2017,23,-1
7/25/2017,0,-1
7/25/2017,1,-1
7/25/2017,2,-1
7/25/2017,3,-1
7/25/2017,4,-1
7/25/2017,5,-1
7/25/2017,6,55.5088
7/25/2017,7,95.6333
7/25/2017,8,97.75
7/25/2017,9,98.4
7/25/2017,10,95.4333
7/25/2017,11,91.95
7/25/2017,12,79.7667
7/25/2017,13,92.6167
7/25/2017,14,96.3333
7/25/2017,15,96.5667
7/25/2017,16,98.3
7/25/2017,17,97.25
7/25/2017,18,95.6667
7/25/2017,19,36.9167
7/25/2017,20,-1
7/25/2017,21,-1
7/25/2017,22,-1
7/25/2017,23,-1
7/26/2017,0,-1
7/26/2017,1,-1
7/26/2017,2,-1
7/26/2017,3,-1
7/26/2017,4,-1
7/26/2017,5,-1
7/26/2017,6,45.3667
7/26/2017,7,88.4167
7/26/2017,8,81.1167
7/26/2017,9,78.6667
7/26/2017,10,98.5263
7/26/2017,11,97.9167
7/26/2017,12,97.7333
7/26/2017,13,97.7
7/26/2017,14,97.1333
7/26/2017,15,98.9833
7/26/2017,16,97.4
7/26/2017,17,96.7333
7/26/2017,18,92.9167
7/26/2017,19,90.3333
7/26/2017,20,-1
7/26/2017,21,-1
7/26/2017,22,-1
7/26/2017,23,-1
7/27/2017,0,-1
7/27/2017,1,-1
7/27/2017,2,-1
7/27/2017,3,-1
7/27/2017,4,-1
7/27/2017,5,-1
7/27/2017,6,4.4333
7/27/2017,7,8.0167
7/27/2017,8,10.2833
7/27/2017,9,19.5833
7/27/2017,10,18.1667
7/27/2017,11,9.8
7/27/2017,12,35.1167
7/27/2017,13,37.6833
7/27/2017,14,47.55
7/27/2017,15,16.75
7/27/2017,16,32.4
7/27/2017,17,46.5667
7/27/2017,18,83.4
7/27/2017,19,72.9667
7/27/2017,20,-1
7/27/2017,21,-1
7/27/2017,22,-1
7/27/2017,23,-1
7/28/2017,0,-1
7/28/2017,1,-1
7/28/2017,2,-1
7/28/2017,3,-1
7/28/2017,4,-1
7/28/2017,5,-1
7/28/2017,6,4.6167
7/28/2017,7,8.6333
7/28/2017,8,10.6167
7/28/2017,9,13.5667
7/28/2017,10,10.6167
7/28/2017,11,16.5
7/28/2017,12,48.65
7/28/2017,13,35.1
7/28/2017,14,61.05
7/28/2017,15,92.5167
7/28/2017,16,97.8667
7/28/2017,17,97.7
7/28/2017,18,96.0833
7/28/2017,19,66.9833
7/28/2017,20,-1
7/28/2017,21,-1
7/28/2017,22,-1
7/28/2017,23,-1
7/29/2017,0,-1
7/29/2017,1,-1
7/29/2017,2,-1
7/29/2017,3,-1
7/29/2017,4,-1
7/29/2017,5,-1
7/29/2017,6,44.95
7/29/2017,7,90.5833
7/29/2017,8,95.5167
7/29/2017,9,97.7667
7/29/2017,10,99.3333
7/29/2017,11,97.45
7/29/2017,12,95.6333
7/29/2017,13,96.7833
7/29/2017,14,97.65
7/29/2017,15,99.3158
7/29/2017,16,98.65
7/29/2017,17,97
7/29/2017,18,95.7833
7/29/2017,19,86.1
7/29/2017,20,-1
7/29/2017,21,-1
7/29/2017,22,-1
7/29/2017,23,-1
7/30/2017,0,-1
7/30/2017,1,-1
7/30/2017,2,-1
7/30/2017,3,-1
7/30/2017,4,-1
7/30/2017,5,-1
7/30/2017,6,8.4167
7/30/2017,7,53.5833
7/30/2017,8,51.2333
7/30/2017,9,43.7167
7/30/2017,10,62
7/30/2017,11,82.9667
7/30/2017,12,79.4833
7/30/2017,13,91.1667
7/30/2017,14,93.5263
7/30/2017,15,91.05
7/30/2017,16,80.0333
7/30/2017,17,95.2167
7/30/2017,18,66.1667
7/30/2017,19,36.2
7/30/2017,20,-1
7/30/2017,21,-1
7/30/2017,22,-1
7/30/2017,23,-1
7/31/2017,0,-1
7/31/2017,1,-1
7/31/2017,2,-1
7/31/2017,3,-1
7/31/2017,4,-1
7/31/2017,5,-1
7/31/2017,6,4.7167
7/31/2017,7,9.45
7/31/2017,8,12.0167
7/31/2017,9,35.3833
7/31/2017,10,47.65
7/31/2017,11,57.6
7/31/2017,12,51.8667
7/31/2017,13,67.1833
7/31/2017,14,66.0167
7/31/2017,15,77.1
7/31/2017,16,80.6833
7/31/2017,17,34.95
7/31/2017,18,37.7333
7/31/2017,19,15.4333
7/31/2017,20,-1
7/31/2017,21,-1
7/31/2017,22,-1
7/31/2017,23,-1
8/1/2017,0,-1
8/1/2017,1,-1
8/1/2017,2,-1
8/1/2017,3,-1
8/1/2017,4,-1
8/1/2017,5,-1
8/1/2017,6,7.2333
8/1/2017,7,10.5263
8/1/2017,8,12.9667
8/1/2017,9,13.6333
8/1/2017,10,10.7
8/1/2017,11,8.8167
8/1/2017,12,8.35
8/1/2017,13,8.2167
8/1/2017,14,8.65
8/1/2017,15,9.1667
8/1/2017,16,12.7667
8/1/2017,17,18.3833
8/1/2017,18,21.8833
8/1/2017,19,19.3833
8/1/2017,20,-1
8/1/2017,21,-1
8/1/2017,22,-1
8/1/2017,23,-1
8/2/2017,0,-1
8/2/2017,1,-1
8/2/2017,2,-1
8/2/2017,3,-1
8/2/2017,4,-1
8/2/2017,5,-1
8/2/2017,6,6.0167
8/2/2017,7,22.6667
8/2/2017,8,19.8
8/2/2017,9,29.0167
8/2/2017,10,32.2833
8/2/2017,11,15.5
8/2/2017,12,17.3
8/2/2017,13,14.0667
8/2/2017,14,34.7333
8/2/2017,15,71.8
8/2/2017,16,46.9667
8/2/2017,17,36.2
8/2/2017,18,53.45
8/2/2017,19,27.5
8/2/2017,20,-1
8/2/2017,21,-1
8/2/2017,22,-1
8/2/2017,23,-1
8/3/2017,0,-1
8/3/2017,1,-1
8/3/2017,2,-1
8/3/2017,3,-1
8/3/2017,4,-1
8/3/2017,5,-1
8/3/2017,6,27.1167
8/3/2017,7,51.8667
8/3/2017,8,22.3667
8/3/2017,9,54.9
8/3/2017,10,96.9167
8/3/2017,11,98.4
8/3/2017,12,97.9333
8/3/2017,13,98.2667
8/3/2017,14,99.0333
8/3/2017,15,99.6833
8/3/2017,16,98.4167
8/3/2017,17,87.7667
8/3/2017,18,27.9333
8/3/2017,19,36.6333
8/3/2017,20,-1
8/3/2017,21,-1
8/3/2017,22,-1
8/3/2017,23,-1
8/4/2017,0,-1
8/4/2017,1,-1
8/4/2017,2,-1
8/4/2017,3,-1
8/4/2017,4,-1
8/4/2017,5,-1
8/4/2017,6,21.0167
8/4/2017,7,59.2
8/4/2017,8,58.2
8/4/2017,9,45.0167
8/4/2017,10,32.75
8/4/2017,11,22.25
8/4/2017,12,19.5789
8/4/2017,13,25.85
8/4/2017,14,59.9667
8/4/2017,15,84.8833
8/4/2017,16,90.1
8/4/2017,17,74.1
8/4/2017,18,88.25
8/4/2017,19,65.2667
8/4/2017,20,-1
8/4/2017,21,-1
8/4/2017,22,-1
8/4/2017,23,-1
8/5/2017,0,-1
8/5/2017,1,-1
8/5/2017,2,-1
8/5/2017,3,-1
8/5/2017,4,-1
8/5/2017,5,-1
8/5/2017,6,19.8
8/5/2017,7,41.65
8/5/2017,8,40.4333
8/5/2017,9,60.35
8/5/2017,10,51.6167
8/5/2017,11,67.1333
8/5/2017,12,79
8/5/2017,13,81.8333
8/5/2017,14,42.85
8/5/2017,15,68.9
8/5/2017,16,97.75
8/5/2017,17,94.1333
8/5/2017,18,94.8167
8/5/2017,19,55.1167
8/5/2017,20,-1
8/5/2017,21,-1
8/5/2017,22,-1
8/5/2017,23,-1
8/6/2017,0,-1
8/6/2017,1,-1
8/6/2017,2,-1
8/6/2017,3,-1
8/6/2017,4,-1
8/6/2017,5,-1
8/6/2017,6,31.2667
8/6/2017,7,91.9333
8/6/2017,8,95.9833
8/6/2017,9,98.95
8/6/2017,10,80.0833
8/6/2017,11,76.7667
8/6/2017,12,97.5333
8/6/2017,13,74.8
8/6/2017,14,65.0667
8/6/2017,15,98.3833
8/6/2017,16,97.1667
8/6/2017,17,88.95
8/6/2017,18,71.0167
8/6/2017,19,71.1667
8/6/2017,20,-1
8/6/2017,21,-1
8/6/2017,22,-1
8/6/2017,23,-1
8/7/2017,0,-1
8/7/2017,1,-1
8/7/2017,2,-1
8/7/2017,3,-1
8/7/2017,4,-1
8/7/2017,5,-1
8/7/2017,6,27.1167
8/7/2017,7,96.4333
8/7/2017,8,96.1
8/7/2017,9,97.7
8/7/2017,10,98.9167
8/7/2017,11,96.8833
8/7/2017,12,95.2
8/7/2017,13,95.0667
8/7/2017,14,95.1167
8/7/2017,15,97.4833
8/7/2017,16,95.9833
8/7/2017,17,91.3167
8/7/2017,18,95.0667
8/7/2017,19,54.6833
8/7/2017,20,-1
8/7/2017,21,-1
8/7/2017,22,-1
8/7/2017,23,-1
8/8/2017,0,-1
8/8/2017,1,-1
8/8/2017,2,-1
8/8/2017,3,-1
8/8/2017,4,-1
8/8/2017,5,-1
8/8/2017,6,9.7167
8/8/2017,7,45.65
8/8/2017,8,41.6667
8/8/2017,9,37.9167
8/8/2017,10,25.55
8/8/2017,11,22.0167
8/8/2017,12,69.6
8/8/2017,13,95.2667
8/8/2017,14,95.5965
8/8/2017,15,96.0667
8/8/2017,16,69.6167
8/8/2017,17,93.4667
8/8/2017,18,92.193
8/8/2017,19,33.1
8/8/2017,20,-1
8/8/2017,21,-1
8/8/2017,22,-1
8/8/2017,23,-1
8/9/2017,0,-1
8/9/2017,1,-1
8/9/2017,2,-1
8/9/2017,3,-1
8/9/2017,4,-1
8/9/2017,5,-1
8/9/2017,6,6.2167
8/9/2017,7,21.1833
8/9/2017,8,73.8333
8/9/2017,9,63
8/9/2017,10,14.8333
8/9/2017,11,53.9667
8/9/2017,12,63.3167
8/9/2017,13,57.05
8/9/2017,14,84.2333
8/9/2017,15,90.6
8/9/2017,16,48
8/9/2017,17,48.5333
8/9/2017,18,86.5333
8/9/2017,19,53.1
8/9/2017,20,-1
8/9/2017,21,-1
8/9/2017,22,-1
8/9/2017,23,-1
8/10/2017,0,-1
8/10/2017,1,-1
8/10/2017,2,-1
8/10/2017,3,-1
8/10/2017,4,-1
8/10/2017,5,-1
8/10/2017,6,30.15
8/10/2017,7,92.3333
8/10/2017,8,84.7966
8/10/2017,9,38.431
8/10/2017,10,13
8/10/2017,11,13.85
8/10/2017,12,45.5167
8/10/2017,13,46.8333
8/10/2017,14,64
8/10/2017,15,94.9833
8/10/2017,16,49.0877
8/10/2017,17,95.75
8/10/2017,18,94.0333
8/10/2017,19,36.3
8/10/2017,20,-1
8/10/2017,21,-1
8/10/2017,22,-1
8/10/2017,23,-1
8/11/2017,0,-1
8/11/2017,1,-1
8/11/2017,2,-1
8/11/2017,3,-1
8/11/2017,4,-1
8/11/2017,5,-1
8/11/2017,6,2.6
8/11/2017,7,12.6667
8/11/2017,8,19.25
8/11/2017,9,17.3167
8/11/2017,10,25.45
8/11/2017,11,60.75
8/11/2017,12,18.9
8/11/2017,13,28.3167
8/11/2017,14,33
8/11/2017,15,33.7833
8/11/2017,16,64.1167
8/11/2017,17,78.5333
8/11/2017,18,66.5
8/11/2017,19,15.6667
8/11/2017,20,-1
8/11/2017,21,-1
8/11/2017,22,-1
8/11/2017,23,-1
8/12/2017,0,-1
8/12/2017,1,-1
8/12/2017,2,-1
8/12/2017,3,-1
8/12/2017,4,-1
8/12/2017,5,-1
8/12/2017,6,4.3167
8/12/2017,7,12.1667
8/12/2017,8,13.3333
8/12/2017,9,12.55
8/12/2017,10,11.8667
8/12/2017,11,10.5833
8/12/2017,12,19.8
8/12/2017,13,38.9333
8/12/2017,14,77.95
8/12/2017,15,93.9167
8/12/2017,16,69.4333
8/12/2017,17,29.25
8/12/2017,18,68.5345
8/12/2017,19,25.9667
8/12/2017,20,-1
8/12/2017,21,-1
8/12/2017,22,-1
8/12/2017,23,-1
8/13/2017,0,-1
8/13/2017,1,-1
8/13/2017,2,-1
8/13/2017,3,-1
8/13/2017,4,-1
8/13/2017,5,-1
8/13/2017,6,8.7667
8/13/2017,7,14.1
8/13/2017,8,11.9833
8/13/2017,9,12.75
8/13/2017,10,11.3
8/13/2017,11,10.7333
8/13/2017,12,32
8/13/2017,13,55.35
8/13/2017,14,66.3667
8/13/2017,15,97.55
8/13/2017,16,96.6333
8/13/2017,17,68.2333
8/13/2017,18,22.3833
8/13/2017,19,16.75
8/13/2017,20,-1
8/13/2017,21,-1
8/13/2017,22,-1
8/13/2017,23,-1
8/14/2017,0,-1
8/14/2017,1,-1
8/14/2017,2,-1
8/14/2017,3,-1
8/14/2017,4,-1
8/14/2017,5,-1
8/14/2017,6,4
8/14/2017,7,15.6
8/14/2017,8,28.2
8/14/2017,9,15.7
8/14/2017,10,15.3333
8/14/2017,11,75.1667
8/14/2017,12,56.6833
8/14/2017,13,79.6333
8/14/2017,14,58.3167
8/14/2017,15,93.9
8/14/2017,16,98.3
8/14/2017,17,96.6833
8/14/2017,18,95.7167
8/14/2017,19,41.5
8/14/2017,20,-1
8/14/2017,21,-1
8/14/2017,22,-1
8/14/2017,23,-1
8/15/2017,0,-1
8/15/2017,1,-1
8/15/2017,2,-1
8/15/2017,3,-1
8/15/2017,4,-1
8/15/2017,5,-1
8/15/2017,6,3.2833
8/15/2017,7,11.6
8/15/2017,8,13.8667
8/15/2017,9,31.95
8/15/2017,10,58.4035
8/15/2017,11,43.5
8/15/2017,12,63.65
8/15/2017,13,79.5167
8/15/2017,14,96.8333
8/15/2017,15,97.9333
8/15/2017,16,93.5333
8/15/2017,17,85.8667
8/15/2017,18,92.5333
8/15/2017,19,38.1833
8/15/2017,20,-1
8/15/2017,21,-1
8/15/2017,22,-1
8/15/2017,23,-1
8/16/2017,0,-1
8/16/2017,1,-1
8/16/2017,2,-1
8/16/2017,3,-1
8/16/2017,4,-1
8/16/2017,5,-1
8/16/2017,6,14.4833
8/16/2017,7,67.65
8/16/2017,8,93.0833
8/16/2017,9,66.1333
8/16/2017,10,20.6833
8/16/2017,11,31.7667
8/16/2017,12,46.2333
8/16/2017,13,77.8246
8/16/2017,14,77.05
8/16/2017,15,51.5667
8/16/2017,16,21.3167
8/16/2017,17,65.7333
8/16/2017,18,90.7167
8/16/2017,19,25.2833
8/16/2017,20,-1
8/16/2017,21,-1
8/16/2017,22,-1
8/16/2017,23,-1
8/17/2017,0,-1
8/17/2017,1,-1
8/17/2017,2,-1
8/17/2017,3,-1
8/17/2017,4,-1
8/17/2017,5,-1
8/17/2017,6,10.9667
8/17/2017,7,45.1333
8/17/2017,8,78.6333
8/17/2017,9,30.4667
8/17/2017,10,16.7667
8/17/2017,11,22.1333
8/17/2017,12,62.6167
8/17/2017,13,49.9167
8/17/2017,14,87.4333
8/17/2017,15,65.9833
8/17/2017,16,88.7833
8/17/2017,17,88.2333
8/17/2017,18,60
8/17/2017,19,21.1667
8/17/2017,20,-1
8/17/2017,21,-1
8/17/2017,22,-1
8/17/2017,23,-1
8/18/2017,0,-1
8/18/2017,1,-1
8/18/2017,2,-1
8/18/2017,3,-1
8/18/2017,4,-1
8/18/2017,5,-1
8/18/2017,6,3.0833
8/18/2017,7,10.8833
8/18/2017,8,12.5833
8/18/2017,9,12.9167
8/18/2017,10,11.4333
8/18/2017,11,10.0333
8/18/2017,12,11.5833
8/18/2017,13,8.7
8/18/2017,14,9.3167
8/18/2017,15,13.0833
8/18/2017,16,15.95
8/18/2017,17,15.85
8/18/2017,18,13.8667
8/18/2017,19,5.4333
8/18/2017,20,-1
8/18/2017,21,-1
8/18/2017,22,-1
8/18/2017,23,-1
8/19/2017,0,-1
8/19/2017,1,-1
8/19/2017,2,-1
8/19/2017,3,-1
8/19/2017,4,-1
8/19/2017,5,-1
8/19/2017,6,2.5833
8/19/2017,7,10.5167
8/19/2017,8,12.2167
8/19/2017,9,12.7833
8/19/2017,10,15.9167
8/19/2017,11,50.6167
8/19/2017,12,50.7833
8/19/2017,13,45.0667
8/19/2017,14,63.4833
8/19/2017,15,65.8333
8/19/2017,16,88.1053
8/19/2017,17,93.1167
8/19/2017,18,66.9333
8/19/2017,19,11.8833
8/19/2017,20,-1
8/19/2017,21,-1
8/19/2017,22,-1
8/19/2017,23,-1
8/20/2017,0,-1
8/20/2017,1,-1
8/20/2017,2,-1
8/20/2017,3,-1
8/20/2017,4,-1
8/20/2017,5,-1